<?xml version="1.0" encoding="UTF-8"?>
<!DOCTYPE configuration
  PUBLIC "-//mybatis.org//DTD Config 3.0//EN"
  "http://mybatis.org/dtd/mybatis-3-config.dtd">
<configuration>
	<typeAliases>
		<typeAlias type="model.User" alias="User" />
	</typeAliases>
	<environments default="development">
		<environment id="development">
			<transactionManager type="JDBC" />
			<dataSource type="POOLED">
				<property name="driver" value="com.mysql.jdbc.Driver" />
				<property name="url" value="jdbc:mysql:3.34.133.71:3306/care_db" />
				<property name="username" value="kim" />
				<property name="password" value="rnfl123" />
			</dataSource>
		</environment>
	</environments>
	<mappers>
		<mapper resource="model/dao/CommunityMapper.xml" />
	</mappers>
</configuration>